Product,Category,Type,Quantity,Date
EB-03 Japan,One Piece,Box,1,2026-04-28
EB-04 Japan,One Piece,Box,13,2026-04-28
OP-15 Japan,One Piece,Box,19,2026-04-28
EB-03 ENG,One Piece,Box,0,2026-04-28
OP-15 ENG,One Piece,Box,0,2026-04-28
OP-13 ENG,One Piece,Box,0,2026-04-28
OP-14 Japan,One Piece,Box,0,2026-04-28
OP-13 JP,One Piece,Box,0,2026-04-28
OP-PRB2 JP,One Piece,Box,19,2026-04-28
OP- 12 Japan,One Piece,Box,0,2026-04-28
OP- 9 Japan,One Piece,Box,0,2026-04-28
OP- 7 Japan,One Piece,Box,20,2026-04-28
OP- 6 JP,One Piece,Box,16,2026-04-28
OP-14 Double Pack,One Piece,Box,0,2026-04-28
OP15 Double Pack ,One Piece,Box,0,2026-04-28
OP Illusitration Box Vol 4 ,One Piece,Box,0,2026-04-28
PRB-01 English,One Piece,Box,0,2026-04-28
OP-10 sleeved Packs ENG,One Piece,Pack,0,2026-04-28
OP-08 sleeved Packs  ENG,One Piece,Pack,0,2026-04-28
OP-15 sleeved Packs  ENG,One Piece,Pack,0,2026-04-28
OP-14 sleeved Packs  ENG,One Piece,Pack,0,2026-04-28
EB-03 sleeved PacksENG,One Piece,Pack,0,2026-04-28
PRB-02 PacksENG,One Piece,Pack,0,2026-04-28
OP-13 Packs  ENG,One Piece,Pack,0,2026-04-28
OP-11  sleeved pack ENG,One Piece,Pack,0,2026-04-28
Limit Over Collection Heroes,Yu-Gi-Oh,Box,0,2026-04-28
Limit Over Collection Rivals,Yu-Gi-Oh,Box,62,2026-04-28
Perfect Order Packs,Pokemon,Pack,0,2026-04-28
Ascended Heros,Pokemon,Pack,0,2026-04-28
Paldean Fates Booster Pack,Pokemon,Pack,15,2026-04-28
Pokemon 151 Booster Pack,Pokemon,Pack,0,2026-04-28
Destined Rivals Packs,Pokemon,Pack,0,2026-04-28
White Flare Booster Pack,Pokemon,Pack,33,2026-04-28
Black Bolt Booster Pack,Pokemon,Pack,31,2026-04-28
Prismatic Evolution Booster Pack,Pokemon,Pack,3,2026-04-28
Mega Evolution ,Pokemon,Pack,0,2026-04-28
Perfect Order,Pokemon,Box,0,2026-04-28
Mega Dream,Pokemon,Box,0,2026-04-28
151 Chinese Pikachu,Pokemon,Box,0,2026-04-28
Gengar Gem 3 ,Pokemon,Box,13,2026-04-28
Ninja Spinner,Pokemon,Box,0,2026-04-28
Dream League,Pokemon,Box,2,2026-04-28
151 Tins,Pokemon,Tin,0,2026-04-28
DBS B30 Three Glorious,Dragon Ball,Box,0,2026-04-28
FB09 Dual Evolution,Dragon Ball,Box,0,2026-04-28
FB09 Dual Evolution Packs,Dragon Ball,Pack,0,2026-04-28
GD-03 Steel Requiem Packs,Gundam,Pack,6,2026-04-28
UA NIKKE,Union Arena,Box,12,2026-04-28
NIKKE,Nivel Arena,Box,2,2026-04-28
The Eminence in Shadow,Weiss Schwarz,Box,62,2026-04-28
Fujimi Fantasia Bunk Vol 2,Weiss Schwarz,Box,8,2026-04-28
NIKKE,Weiss Schwarz,Box,54,2026-04-28
Godzilla,Godzilla,Box,0,2026-04-28
Enchant Regalia,Hololive,Box,11,2026-04-28
League of Legends: Spirit Forge,Riftbound,Box,11,2026-04-26
League of Legends: Origins,Riftbound,Box,7,2026-04-26